{"cameraMode":{"drawMode":0,"name":"Shaded","section":"Shading Mode"},"sceneLighting":false,"audioPlay":false,"sceneViewState":{"m_AlwaysRefresh":false,"showFog":true,"showSkybox":false,"showFlares":true,"showImageEffects":true,"showParticleSystems":true,"showVisualEffectGraphs":true,"m_FxEnabled":true},"in2DMode":false,"pivot":{"x":-1.8729684352874756,"y":1.6590702533721924,"z":0.6146464347839356},"rotation":{"x":-0.05834024399518967,"y":0.5375825762748718,"z":-0.03732037916779518,"w":-0.8403739333152771},"size":1.4715934991836548,"orthographic":false}